algorithm,num_layers,hidden_size,train_size,seed,epoch,train_loss,test_acc,wall_time_s
BP,2,256,100,0,1,2.221028,0.2576,0.28
BP,2,256,100,0,2,1.715055,0.5368,0.54
BP,2,256,100,0,3,1.274642,0.6876,0.8
BP,2,256,100,0,4,0.952519,0.7187,1.07
BP,2,256,100,0,5,0.719063,0.7243,1.33
BP,2,256,100,0,6,0.52719,0.7319,1.6
BP,2,256,100,0,7,0.372976,0.7404,1.86
BP,2,256,100,0,8,0.281749,0.7503,2.12
BP,2,256,100,0,9,0.198392,0.7528,2.39
BP,2,256,100,0,10,0.14156,0.754,2.65
BP,2,256,100,0,11,0.109124,0.7516,2.92
BP,2,256,100,0,12,0.075037,0.7462,3.18
BP,2,256,100,0,13,0.058769,0.7415,3.45
BP,2,256,100,0,14,0.042659,0.7397,3.71
BP,2,256,100,0,15,0.035383,0.7383,3.98
BP,2,256,100,0,16,0.027566,0.7373,4.25
BP,2,256,100,0,17,0.021538,0.7378,4.51
BP,2,256,100,0,18,0.017078,0.7382,4.78
BP,2,256,100,0,19,0.015023,0.7381,5.04
BP,2,256,100,0,20,0.012752,0.7378,5.31
BP,2,256,100,0,21,0.011202,0.7381,5.58
BP,2,256,100,0,22,0.010009,0.7381,5.85
BP,2,256,100,0,23,0.008932,0.7387,6.12
BP,2,256,100,0,24,0.008011,0.7379,6.38
BP,2,256,100,0,25,0.007399,0.7373,6.66
BP,2,256,100,0,26,0.006547,0.7368,6.93
BP,2,256,100,0,27,0.006036,0.7362,7.2
BP,2,256,100,0,28,0.005766,0.736,7.47
BP,2,256,100,0,29,0.00539,0.7358,7.74
BP,2,256,100,0,30,0.00516,0.7353,8.01
BP,2,256,100,1,1,2.214931,0.4917,0.27
BP,2,256,100,1,2,1.604732,0.5763,0.54
BP,2,256,100,1,3,1.191082,0.6224,0.81
BP,2,256,100,1,4,0.87711,0.6242,1.08
BP,2,256,100,1,5,0.647677,0.6501,1.35
BP,2,256,100,1,6,0.501598,0.6836,1.62
BP,2,256,100,1,7,0.383872,0.7035,1.89
BP,2,256,100,1,8,0.296838,0.7156,2.16
BP,2,256,100,1,9,0.219046,0.7204,2.43
BP,2,256,100,1,10,0.158306,0.7289,2.7
BP,2,256,100,1,11,0.124674,0.7318,2.97
BP,2,256,100,1,12,0.092642,0.7366,3.24
BP,2,256,100,1,13,0.066952,0.7398,3.52
BP,2,256,100,1,14,0.049799,0.743,3.79
BP,2,256,100,1,15,0.039169,0.7468,4.06
BP,2,256,100,1,16,0.030911,0.749,4.34
BP,2,256,100,1,17,0.025026,0.749,4.62
BP,2,256,100,1,18,0.020839,0.7492,4.9
BP,2,256,100,1,19,0.016981,0.7498,5.17
BP,2,256,100,1,20,0.014335,0.7506,5.45
BP,2,256,100,1,21,0.012163,0.7503,5.73
BP,2,256,100,1,22,0.010763,0.7488,6.0
BP,2,256,100,1,23,0.009218,0.7483,6.28
BP,2,256,100,1,24,0.008515,0.7483,6.57
BP,2,256,100,1,25,0.007906,0.7475,6.87
BP,2,256,100,1,26,0.007226,0.7472,7.15
BP,2,256,100,1,27,0.006458,0.7468,7.42
BP,2,256,100,1,28,0.006083,0.7462,7.7
BP,2,256,100,1,29,0.005707,0.7463,8.03
BP,2,256,100,1,30,0.005321,0.7458,8.33
BP,2,256,100,2,1,2.237994,0.3211,0.28
BP,2,256,100,2,2,1.613738,0.551,0.58
BP,2,256,100,2,3,1.216874,0.6311,0.88
BP,2,256,100,2,4,0.934261,0.6649,1.17
BP,2,256,100,2,5,0.695289,0.6893,1.46
BP,2,256,100,2,6,0.517829,0.7155,1.75
BP,2,256,100,2,7,0.387443,0.7331,2.02
BP,2,256,100,2,8,0.292732,0.7426,2.3
BP,2,256,100,2,9,0.22372,0.7481,2.58
BP,2,256,100,2,10,0.14951,0.7504,2.85
BP,2,256,100,2,11,0.115291,0.7508,3.13
BP,2,256,100,2,12,0.081003,0.7527,3.41
BP,2,256,100,2,13,0.059639,0.7511,3.7
BP,2,256,100,2,14,0.045374,0.7492,4.05
BP,2,256,100,2,15,0.033121,0.7472,4.33
BP,2,256,100,2,16,0.025946,0.7449,4.6
BP,2,256,100,2,17,0.021551,0.7437,4.88
BP,2,256,100,2,18,0.017484,0.7446,5.15
BP,2,256,100,2,19,0.014956,0.745,5.43
BP,2,256,100,2,20,0.012084,0.7451,5.7
BP,2,256,100,2,21,0.010807,0.7448,5.98
BP,2,256,100,2,22,0.009679,0.7449,6.25
BP,2,256,100,2,23,0.008669,0.7449,6.52
BP,2,256,100,2,24,0.007454,0.7448,6.79
BP,2,256,100,2,25,0.006944,0.7451,7.07
BP,2,256,100,2,26,0.006465,0.7451,7.34
BP,2,256,100,2,27,0.005922,0.7455,7.61
BP,2,256,100,2,28,0.005792,0.7446,7.88
BP,2,256,100,2,29,0.005331,0.7448,8.15
BP,2,256,100,2,30,0.004999,0.7448,8.44
BP,2,256,500,0,1,1.73883,0.744,0.31
BP,2,256,500,0,2,0.813202,0.8191,0.61
BP,2,256,500,0,3,0.470458,0.8537,0.92
BP,2,256,500,0,4,0.307337,0.8552,1.23
BP,2,256,500,0,5,0.204352,0.8724,1.54
BP,2,256,500,0,6,0.13583,0.8704,1.85
BP,2,256,500,0,7,0.099635,0.8664,2.16
BP,2,256,500,0,8,0.072394,0.8705,2.45
BP,2,256,500,0,9,0.046552,0.87,2.73
BP,2,256,500,0,10,0.03398,0.8719,3.03
BP,2,256,500,0,11,0.026107,0.873,3.33
BP,2,256,500,0,12,0.018873,0.8749,3.63
BP,2,256,500,0,13,0.015885,0.8767,3.94
BP,2,256,500,0,14,0.013454,0.8759,4.23
BP,2,256,500,0,15,0.011509,0.8738,4.53
BP,2,256,500,0,16,0.010013,0.8759,4.83
BP,2,256,500,0,17,0.008902,0.8755,5.12
BP,2,256,500,0,18,0.008004,0.8737,5.42
BP,2,256,500,0,19,0.007244,0.8747,5.71
BP,2,256,500,0,20,0.00666,0.8747,6.0
BP,2,256,500,0,21,0.006064,0.8744,6.29
BP,2,256,500,0,22,0.005548,0.8752,6.58
BP,2,256,500,0,23,0.005143,0.8733,6.88
BP,2,256,500,0,24,0.004725,0.8738,7.17
BP,2,256,500,0,25,0.004386,0.8748,7.46
BP,2,256,500,0,26,0.0041,0.8744,7.76
BP,2,256,500,0,27,0.003861,0.8739,8.05
BP,2,256,500,0,28,0.003604,0.8737,8.34
BP,2,256,500,0,29,0.003376,0.874,8.64
BP,2,256,500,0,30,0.003185,0.8749,8.93
BP,2,256,500,1,1,1.747523,0.7666,0.29
BP,2,256,500,1,2,0.865444,0.8131,0.58
BP,2,256,500,1,3,0.50891,0.8499,0.87
BP,2,256,500,1,4,0.340578,0.8583,1.16
BP,2,256,500,1,5,0.207278,0.8694,1.46
BP,2,256,500,1,6,0.135951,0.8698,1.75
BP,2,256,500,1,7,0.091755,0.8702,2.04
BP,2,256,500,1,8,0.059479,0.8705,2.33
BP,2,256,500,1,9,0.040805,0.873,2.62
BP,2,256,500,1,10,0.031371,0.8746,2.91
BP,2,256,500,1,11,0.023555,0.8763,3.2
BP,2,256,500,1,12,0.018509,0.8754,3.49
BP,2,256,500,1,13,0.015039,0.8774,3.78
BP,2,256,500,1,14,0.0126,0.8772,4.06
BP,2,256,500,1,15,0.010893,0.8764,4.35
BP,2,256,500,1,16,0.009499,0.8787,4.64
BP,2,256,500,1,17,0.008362,0.8784,4.93
BP,2,256,500,1,18,0.007538,0.8781,5.23
BP,2,256,500,1,19,0.006835,0.8781,5.53
BP,2,256,500,1,20,0.00618,0.8775,5.83
BP,2,256,500,1,21,0.005637,0.8776,6.12
BP,2,256,500,1,22,0.005206,0.8784,6.41
BP,2,256,500,1,23,0.004805,0.878,6.7
BP,2,256,500,1,24,0.004451,0.8778,6.98
BP,2,256,500,1,25,0.004147,0.878,7.27
BP,2,256,500,1,26,0.003884,0.878,7.57
BP,2,256,500,1,27,0.003631,0.8785,7.87
BP,2,256,500,1,28,0.003396,0.8786,8.16
BP,2,256,500,1,29,0.003173,0.8781,8.46
BP,2,256,500,1,30,0.002987,0.878,8.76
BP,2,256,500,2,1,1.739617,0.7489,0.3
BP,2,256,500,2,2,0.811623,0.8226,0.59
BP,2,256,500,2,3,0.485649,0.8462,0.9
BP,2,256,500,2,4,0.328776,0.855,1.19
BP,2,256,500,2,5,0.20021,0.8711,1.48
BP,2,256,500,2,6,0.132124,0.8673,1.78
BP,2,256,500,2,7,0.084166,0.8737,2.07
BP,2,256,500,2,8,0.055703,0.8705,2.39
BP,2,256,500,2,9,0.038866,0.8719,2.7
BP,2,256,500,2,10,0.028796,0.8733,2.98
BP,2,256,500,2,11,0.022025,0.8713,3.28
BP,2,256,500,2,12,0.01726,0.8764,3.58
BP,2,256,500,2,13,0.014604,0.8757,3.87
BP,2,256,500,2,14,0.011976,0.8744,4.16
BP,2,256,500,2,15,0.010648,0.8753,4.44
BP,2,256,500,2,16,0.009316,0.8762,4.73
BP,2,256,500,2,17,0.008257,0.8764,5.01
BP,2,256,500,2,18,0.007558,0.8759,5.3
BP,2,256,500,2,19,0.006798,0.8765,5.58
BP,2,256,500,2,20,0.006152,0.8761,5.87
BP,2,256,500,2,21,0.005665,0.8759,6.15
BP,2,256,500,2,22,0.005182,0.8761,6.44
BP,2,256,500,2,23,0.004759,0.8757,6.73
BP,2,256,500,2,24,0.004441,0.8764,7.01
BP,2,256,500,2,25,0.00414,0.8767,7.3
BP,2,256,500,2,26,0.003861,0.8767,7.58
BP,2,256,500,2,27,0.003624,0.8765,7.87
BP,2,256,500,2,28,0.00339,0.8759,8.15
BP,2,256,500,2,29,0.003186,0.8762,8.44
BP,2,256,500,2,30,0.002985,0.8763,8.73
BP,2,256,1000,0,1,1.33742,0.7767,0.31
BP,2,256,1000,0,2,0.536364,0.8658,0.61
BP,2,256,1000,0,3,0.325057,0.88,0.92
BP,2,256,1000,0,4,0.217002,0.8861,1.22
BP,2,256,1000,0,5,0.164861,0.8794,1.53
BP,2,256,1000,0,6,0.109456,0.8877,1.83
BP,2,256,1000,0,7,0.075617,0.8921,2.13
BP,2,256,1000,0,8,0.046646,0.8908,2.44
BP,2,256,1000,0,9,0.031102,0.8899,2.74
BP,2,256,1000,0,10,0.021864,0.892,3.04
BP,2,256,1000,0,11,0.015737,0.8943,3.35
BP,2,256,1000,0,12,0.012563,0.8931,3.65
BP,2,256,1000,0,13,0.010128,0.8952,3.96
BP,2,256,1000,0,14,0.008733,0.8955,4.26
BP,2,256,1000,0,15,0.007354,0.8938,4.56
BP,2,256,1000,0,16,0.006524,0.8937,4.87
BP,2,256,1000,0,17,0.005778,0.8947,5.17
BP,2,256,1000,0,18,0.005003,0.8943,5.48
BP,2,256,1000,0,19,0.004578,0.8953,5.78
BP,2,256,1000,0,20,0.004135,0.8954,6.09
BP,2,256,1000,0,21,0.003734,0.8947,6.39
BP,2,256,1000,0,22,0.003407,0.8942,6.7
BP,2,256,1000,0,23,0.003076,0.8949,7.0
BP,2,256,1000,0,24,0.002841,0.8955,7.31
BP,2,256,1000,0,25,0.002598,0.8951,7.61
BP,2,256,1000,0,26,0.002419,0.895,7.92
BP,2,256,1000,0,27,0.002213,0.8944,8.22
BP,2,256,1000,0,28,0.0021,0.8948,8.52
BP,2,256,1000,0,29,0.001944,0.8942,8.83
BP,2,256,1000,0,30,0.001826,0.895,9.13
BP,2,256,1000,1,1,1.329731,0.8321,0.31
BP,2,256,1000,1,2,0.537688,0.8764,0.61
BP,2,256,1000,1,3,0.350426,0.8797,0.92
BP,2,256,1000,1,4,0.24918,0.8865,1.22
BP,2,256,1000,1,5,0.153383,0.8945,1.52
BP,2,256,1000,1,6,0.107214,0.8987,1.83
BP,2,256,1000,1,7,0.068921,0.894,2.13
BP,2,256,1000,1,8,0.045878,0.899,2.44
BP,2,256,1000,1,9,0.030623,0.9016,2.74
BP,2,256,1000,1,10,0.023059,0.9005,3.05
BP,2,256,1000,1,11,0.016524,0.9024,3.35
BP,2,256,1000,1,12,0.012115,0.9017,3.66
BP,2,256,1000,1,13,0.010154,0.9028,3.97
BP,2,256,1000,1,14,0.008701,0.9036,4.28
BP,2,256,1000,1,15,0.007295,0.9026,4.58
BP,2,256,1000,1,16,0.006352,0.9036,4.89
BP,2,256,1000,1,17,0.005594,0.9027,5.19
BP,2,256,1000,1,18,0.005047,0.9023,5.5
BP,2,256,1000,1,19,0.0045,0.9041,5.8
BP,2,256,1000,1,20,0.004068,0.9033,6.11
BP,2,256,1000,1,21,0.003761,0.9036,6.41
BP,2,256,1000,1,22,0.003359,0.9038,6.72
BP,2,256,1000,1,23,0.003093,0.9027,7.02
BP,2,256,1000,1,24,0.002876,0.9028,7.33
BP,2,256,1000,1,25,0.002613,0.9039,7.63
BP,2,256,1000,1,26,0.00241,0.9038,7.94
BP,2,256,1000,1,27,0.002262,0.9032,8.26
BP,2,256,1000,1,28,0.002116,0.9044,8.57
BP,2,256,1000,1,29,0.001979,0.9036,8.87
BP,2,256,1000,1,30,0.001861,0.9029,9.19
BP,2,256,1000,2,1,1.298591,0.8026,0.31
BP,2,256,1000,2,2,0.497007,0.8799,0.61
BP,2,256,1000,2,3,0.293562,0.8839,0.92
BP,2,256,1000,2,4,0.204806,0.8867,1.22
BP,2,256,1000,2,5,0.137016,0.879,1.53
BP,2,256,1000,2,6,0.108879,0.8831,1.83
BP,2,256,1000,2,7,0.078924,0.8802,2.14
BP,2,256,1000,2,8,0.048273,0.8832,2.44
BP,2,256,1000,2,9,0.02944,0.8888,2.74
BP,2,256,1000,2,10,0.020736,0.8913,3.05
BP,2,256,1000,2,11,0.014308,0.8923,3.35
BP,2,256,1000,2,12,0.010978,0.8925,3.65
BP,2,256,1000,2,13,0.009113,0.8936,3.96
BP,2,256,1000,2,14,0.007956,0.8922,4.27
BP,2,256,1000,2,15,0.006789,0.8946,4.57
BP,2,256,1000,2,16,0.005986,0.8937,4.88
BP,2,256,1000,2,17,0.005247,0.8946,5.18
BP,2,256,1000,2,18,0.004665,0.8939,5.49
BP,2,256,1000,2,19,0.004109,0.8949,5.79
BP,2,256,1000,2,20,0.003665,0.8948,6.1
BP,2,256,1000,2,21,0.003369,0.8951,6.4
BP,2,256,1000,2,22,0.0031,0.8952,6.71
BP,2,256,1000,2,23,0.002864,0.8951,7.01
BP,2,256,1000,2,24,0.00261,0.8945,7.32
BP,2,256,1000,2,25,0.002427,0.8945,7.62
BP,2,256,1000,2,26,0.002263,0.8954,7.93
BP,2,256,1000,2,27,0.002124,0.8956,8.23
BP,2,256,1000,2,28,0.001992,0.8952,8.54
BP,2,256,1000,2,29,0.001835,0.8951,8.85
BP,2,256,1000,2,30,0.001711,0.8958,9.15
BP,2,256,5000,0,1,0.625298,0.8925,0.46
BP,2,256,5000,0,2,0.269732,0.9174,0.91
BP,2,256,5000,0,3,0.171463,0.9254,1.37
BP,2,256,5000,0,4,0.116448,0.9305,1.82
BP,2,256,5000,0,5,0.089051,0.93,2.27
BP,2,256,5000,0,6,0.053649,0.9311,2.72
BP,2,256,5000,0,7,0.037676,0.9365,3.18
BP,2,256,5000,0,8,0.026062,0.9407,3.63
BP,2,256,5000,0,9,0.012591,0.944,4.08
BP,2,256,5000,0,10,0.005321,0.9441,4.53
BP,2,256,5000,0,11,0.003717,0.9452,4.98
BP,2,256,5000,0,12,0.002706,0.9443,5.43
BP,2,256,5000,0,13,0.00212,0.9443,5.89
BP,2,256,5000,0,14,0.001797,0.9446,6.34
BP,2,256,5000,0,15,0.00153,0.9459,6.79
BP,2,256,5000,0,16,0.001324,0.9456,7.24
BP,2,256,5000,0,17,0.001141,0.9451,7.69
BP,2,256,5000,0,18,0.001018,0.946,8.15
BP,2,256,5000,0,19,0.00089,0.9468,8.6
BP,2,256,5000,0,20,0.000801,0.9461,9.05
BP,2,256,5000,0,21,0.000727,0.9464,9.5
BP,2,256,5000,0,22,0.000649,0.9464,9.95
BP,2,256,5000,0,23,0.00059,0.9467,10.41
BP,2,256,5000,0,24,0.000538,0.9462,10.86
BP,2,256,5000,0,25,0.000491,0.9454,11.31
BP,2,256,5000,0,26,0.000446,0.9461,11.77
BP,2,256,5000,0,27,0.000417,0.9457,12.22
BP,2,256,5000,0,28,0.000383,0.9458,12.67
BP,2,256,5000,0,29,0.000354,0.946,13.13
BP,2,256,5000,0,30,0.00033,0.946,13.58
BP,2,256,5000,1,1,0.599595,0.9069,0.45
BP,2,256,5000,1,2,0.259572,0.9199,0.91
BP,2,256,5000,1,3,0.180656,0.916,1.36
BP,2,256,5000,1,4,0.138291,0.9326,1.81
BP,2,256,5000,1,5,0.084484,0.935,2.26
BP,2,256,5000,1,6,0.052802,0.9334,2.71
BP,2,256,5000,1,7,0.03258,0.9382,3.16
BP,2,256,5000,1,8,0.016683,0.9403,3.61
BP,2,256,5000,1,9,0.010066,0.9429,4.06
BP,2,256,5000,1,10,0.006058,0.9453,4.52
BP,2,256,5000,1,11,0.004185,0.9435,4.99
BP,2,256,5000,1,12,0.004334,0.9459,5.48
BP,2,256,5000,1,13,0.002402,0.9462,5.96
BP,2,256,5000,1,14,0.001806,0.946,6.45
BP,2,256,5000,1,15,0.001529,0.9461,6.93
BP,2,256,5000,1,16,0.001334,0.9473,7.38
BP,2,256,5000,1,17,0.00115,0.9464,7.86
BP,2,256,5000,1,18,0.001017,0.9468,8.34
BP,2,256,5000,1,19,0.0009,0.9469,8.8
BP,2,256,5000,1,20,0.000817,0.9473,9.25
BP,2,256,5000,1,21,0.000726,0.947,9.71
BP,2,256,5000,1,22,0.000674,0.947,10.17
BP,2,256,5000,1,23,0.000614,0.9473,10.62
BP,2,256,5000,1,24,0.000539,0.9471,11.07
BP,2,256,5000,1,25,0.000507,0.9469,11.52
BP,2,256,5000,1,26,0.000477,0.9475,11.99
BP,2,256,5000,1,27,0.000416,0.9475,12.44
BP,2,256,5000,1,28,0.000378,0.9477,12.9
BP,2,256,5000,1,29,0.00035,0.9474,13.35
BP,2,256,5000,1,30,0.000327,0.9473,13.8
BP,2,256,5000,2,1,0.632226,0.898,0.46
BP,2,256,5000,2,2,0.270547,0.9179,0.92
BP,2,256,5000,2,3,0.192461,0.9239,1.38
BP,2,256,5000,2,4,0.139709,0.9287,1.84
BP,2,256,5000,2,5,0.089057,0.9311,2.3
BP,2,256,5000,2,6,0.060591,0.9362,2.76
BP,2,256,5000,2,7,0.030011,0.9389,3.22
BP,2,256,5000,2,8,0.017683,0.944,3.68
BP,2,256,5000,2,9,0.009662,0.9444,4.14
BP,2,256,5000,2,10,0.007079,0.9453,4.6
BP,2,256,5000,2,11,0.004807,0.9455,5.06
BP,2,256,5000,2,12,0.003093,0.9473,5.52
BP,2,256,5000,2,13,0.002252,0.9474,5.98
BP,2,256,5000,2,14,0.001835,0.9483,6.44
BP,2,256,5000,2,15,0.001521,0.9481,6.89
BP,2,256,5000,2,16,0.001316,0.9476,7.35
BP,2,256,5000,2,17,0.001158,0.9486,7.81
BP,2,256,5000,2,18,0.001028,0.9485,8.28
BP,2,256,5000,2,19,0.000906,0.9486,8.74
BP,2,256,5000,2,20,0.000807,0.9486,9.21
BP,2,256,5000,2,21,0.000728,0.9485,9.67
BP,2,256,5000,2,22,0.000657,0.9489,10.14
BP,2,256,5000,2,23,0.000596,0.949,10.6
BP,2,256,5000,2,24,0.000548,0.9491,11.06
BP,2,256,5000,2,25,0.000502,0.9489,11.52
BP,2,256,5000,2,26,0.000455,0.949,11.99
BP,2,256,5000,2,27,0.00042,0.9491,12.45
BP,2,256,5000,2,28,0.000384,0.9495,12.92
BP,2,256,5000,2,29,0.000352,0.9494,13.38
BP,2,256,5000,2,30,0.000326,0.9494,13.84
BP,4,256,100,0,1,2.264298,0.2357,0.29
BP,4,256,100,0,2,1.93717,0.4403,0.58
BP,4,256,100,0,3,1.569467,0.6156,0.87
BP,4,256,100,0,4,1.192376,0.6545,1.16
BP,4,256,100,0,5,0.846473,0.6599,1.46
BP,4,256,100,0,6,0.63849,0.7189,1.75
BP,4,256,100,0,7,0.417776,0.7577,2.04
BP,4,256,100,0,8,0.276684,0.7547,2.33
BP,4,256,100,0,9,0.172475,0.7467,2.63
BP,4,256,100,0,10,0.113608,0.7327,2.92
BP,4,256,100,0,11,0.076603,0.7223,3.21
BP,4,256,100,0,12,0.04973,0.7035,3.5
BP,4,256,100,0,13,0.033792,0.7017,3.8
BP,4,256,100,0,14,0.023662,0.7073,4.08
BP,4,256,100,0,15,0.016798,0.711,4.38
BP,4,256,100,0,16,0.013284,0.7122,4.67
BP,4,256,100,0,17,0.010588,0.7142,4.96
BP,4,256,100,0,18,0.009323,0.7158,5.25
BP,4,256,100,0,19,0.007338,0.7159,5.54
BP,4,256,100,0,20,0.006254,0.7147,5.83
BP,4,256,100,0,21,0.005366,0.7124,6.12
BP,4,256,100,0,22,0.004663,0.7134,6.42
BP,4,256,100,0,23,0.004242,0.7134,6.71
BP,4,256,100,0,24,0.003827,0.714,7.0
BP,4,256,100,0,25,0.003666,0.7133,7.3
BP,4,256,100,0,26,0.003439,0.7131,7.59
BP,4,256,100,0,27,0.003175,0.7135,8.35
BP,4,256,100,0,28,0.00305,0.7136,8.64
BP,4,256,100,0,29,0.002809,0.7147,8.93
BP,4,256,100,0,30,0.002591,0.7152,9.22
BP,4,256,100,1,1,2.243277,0.5293,0.29
BP,4,256,100,1,2,1.894137,0.5557,0.59
BP,4,256,100,1,3,1.425641,0.575,0.88
BP,4,256,100,1,4,1.030345,0.5959,1.18
BP,4,256,100,1,5,0.721113,0.6486,1.47
BP,4,256,100,1,6,0.51277,0.6693,1.76
BP,4,256,100,1,7,0.376385,0.6766,2.05
BP,4,256,100,1,8,0.253307,0.7051,2.34
BP,4,256,100,1,9,0.173861,0.7078,2.63
BP,4,256,100,1,10,0.13319,0.7084,2.93
BP,4,256,100,1,11,0.097882,0.7143,3.22
BP,4,256,100,1,12,0.06281,0.7177,3.52
BP,4,256,100,1,13,0.042843,0.7271,3.81
BP,4,256,100,1,14,0.027969,0.7319,4.11
BP,4,256,100,1,15,0.0203,0.7289,4.4
BP,4,256,100,1,16,0.016425,0.7238,4.69
BP,4,256,100,1,17,0.014053,0.7248,4.98
BP,4,256,100,1,18,0.011055,0.7245,5.28
BP,4,256,100,1,19,0.009311,0.724,5.57
BP,4,256,100,1,20,0.007878,0.7217,5.87
BP,4,256,100,1,21,0.006616,0.7208,6.16
BP,4,256,100,1,22,0.005994,0.7208,6.46
BP,4,256,100,1,23,0.005429,0.7207,6.75
BP,4,256,100,1,24,0.004859,0.722,7.05
BP,4,256,100,1,25,0.00437,0.7235,7.36
BP,4,256,100,1,26,0.004042,0.725,7.65
BP,4,256,100,1,27,0.00367,0.7258,7.95
BP,4,256,100,1,28,0.003375,0.7268,8.24
BP,4,256,100,1,29,0.003151,0.7279,8.53
BP,4,256,100,1,30,0.003011,0.7285,8.83
BP,4,256,100,2,1,2.256303,0.3506,0.3
BP,4,256,100,2,2,1.874791,0.4618,0.59
BP,4,256,100,2,3,1.501686,0.5397,0.89
BP,4,256,100,2,4,1.087377,0.6195,1.19
BP,4,256,100,2,5,0.827285,0.6697,1.48
BP,4,256,100,2,6,0.550395,0.6874,1.78
BP,4,256,100,2,7,0.416605,0.7018,2.08
BP,4,256,100,2,8,0.30546,0.7102,2.38
BP,4,256,100,2,9,0.202031,0.7134,2.68
BP,4,256,100,2,10,0.124059,0.7179,2.97
BP,4,256,100,2,11,0.084583,0.7246,3.27
BP,4,256,100,2,12,0.052833,0.732,3.57
BP,4,256,100,2,13,0.035513,0.7318,3.87
BP,4,256,100,2,14,0.025296,0.7288,4.17
BP,4,256,100,2,15,0.018118,0.7275,4.46
BP,4,256,100,2,16,0.01322,0.723,4.76
BP,4,256,100,2,17,0.010518,0.7196,5.06
BP,4,256,100,2,18,0.008221,0.7187,5.35
BP,4,256,100,2,19,0.007214,0.7193,5.65
BP,4,256,100,2,20,0.005963,0.7215,5.95
BP,4,256,100,2,21,0.005156,0.7229,6.25
BP,4,256,100,2,22,0.004455,0.7249,6.54
BP,4,256,100,2,23,0.004034,0.7257,6.84
BP,4,256,100,2,24,0.003713,0.7273,7.14
BP,4,256,100,2,25,0.003274,0.728,7.44
BP,4,256,100,2,26,0.003199,0.7288,7.73
BP,4,256,100,2,27,0.002823,0.729,8.03
BP,4,256,100,2,28,0.002711,0.7287,8.33
BP,4,256,100,2,29,0.002522,0.7283,8.63
BP,4,256,100,2,30,0.002404,0.7282,8.93
BP,4,256,500,0,1,1.866347,0.6643,0.32
BP,4,256,500,0,2,0.910986,0.7862,0.64
BP,4,256,500,0,3,0.501207,0.8279,0.95
BP,4,256,500,0,4,0.311661,0.842,1.27
BP,4,256,500,0,5,0.193942,0.8395,1.58
BP,4,256,500,0,6,0.131945,0.8379,1.9
BP,4,256,500,0,7,0.081341,0.8585,2.21
BP,4,256,500,0,8,0.045458,0.8613,2.53
BP,4,256,500,0,9,0.032886,0.8608,2.85
BP,4,256,500,0,10,0.023852,0.8673,3.17
BP,4,256,500,0,11,0.013911,0.8577,3.48
BP,4,256,500,0,12,0.010093,0.8625,3.8
BP,4,256,500,0,13,0.007774,0.8702,4.12
BP,4,256,500,0,14,0.00602,0.8667,4.43
BP,4,256,500,0,15,0.004924,0.8645,4.75
BP,4,256,500,0,16,0.004291,0.8677,5.06
BP,4,256,500,0,17,0.00378,0.8699,5.38
BP,4,256,500,0,18,0.003439,0.8685,5.69
BP,4,256,500,0,19,0.003107,0.868,6.01
BP,4,256,500,0,20,0.002861,0.8689,6.32
BP,4,256,500,0,21,0.002664,0.8686,6.64
BP,4,256,500,0,22,0.002471,0.8689,6.95
BP,4,256,500,0,23,0.002302,0.8688,7.26
BP,4,256,500,0,24,0.002171,0.8689,7.58
BP,4,256,500,0,25,0.002033,0.8697,7.89
BP,4,256,500,0,26,0.001904,0.8693,8.21
BP,4,256,500,0,27,0.001806,0.8692,8.53
BP,4,256,500,0,28,0.001718,0.8693,8.85
BP,4,256,500,0,29,0.001615,0.8695,9.16
BP,4,256,500,0,30,0.001535,0.8695,9.48
BP,4,256,500,1,1,1.885811,0.6524,0.32
BP,4,256,500,1,2,0.950375,0.804,0.63
BP,4,256,500,1,3,0.546768,0.8159,0.95
BP,4,256,500,1,4,0.342154,0.8185,1.27
BP,4,256,500,1,5,0.225301,0.8417,1.59
BP,4,256,500,1,6,0.13934,0.8471,1.95
BP,4,256,500,1,7,0.085406,0.844,2.32
BP,4,256,500,1,8,0.044642,0.8619,2.64
BP,4,256,500,1,9,0.027423,0.872,2.96
BP,4,256,500,1,10,0.016785,0.8686,3.28
BP,4,256,500,1,11,0.012166,0.8668,3.59
BP,4,256,500,1,12,0.008403,0.8708,3.91
BP,4,256,500,1,13,0.007124,0.8713,4.22
BP,4,256,500,1,14,0.005806,0.871,4.54
BP,4,256,500,1,15,0.005075,0.8703,4.86
BP,4,256,500,1,16,0.004499,0.8719,5.18
BP,4,256,500,1,17,0.004044,0.8715,5.49
BP,4,256,500,1,18,0.003676,0.8706,5.81
BP,4,256,500,1,19,0.003337,0.8701,6.13
BP,4,256,500,1,20,0.003091,0.8712,6.44
BP,4,256,500,1,21,0.002849,0.871,6.76
BP,4,256,500,1,22,0.002637,0.8708,7.08
BP,4,256,500,1,23,0.002457,0.8709,7.4
BP,4,256,500,1,24,0.002296,0.8708,7.71
BP,4,256,500,1,25,0.002149,0.8707,8.03
BP,4,256,500,1,26,0.002014,0.8709,8.34
BP,4,256,500,1,27,0.001901,0.8711,8.66
BP,4,256,500,1,28,0.00179,0.8708,8.98
BP,4,256,500,1,29,0.001696,0.871,9.29
BP,4,256,500,1,30,0.0016,0.8708,9.61
BP,4,256,500,2,1,1.863643,0.6892,0.32
BP,4,256,500,2,2,0.864004,0.792,0.65
BP,4,256,500,2,3,0.489851,0.8224,0.97
BP,4,256,500,2,4,0.312664,0.847,1.3
BP,4,256,500,2,5,0.187043,0.8436,1.62
BP,4,256,500,2,6,0.115195,0.8431,1.93
BP,4,256,500,2,7,0.077438,0.8658,2.25
BP,4,256,500,2,8,0.040142,0.8637,2.56
BP,4,256,500,2,9,0.027021,0.8656,2.88
BP,4,256,500,2,10,0.024907,0.8653,3.2
BP,4,256,500,2,11,0.017894,0.8628,3.51
BP,4,256,500,2,12,0.008834,0.861,3.83
BP,4,256,500,2,13,0.007982,0.8725,4.14
BP,4,256,500,2,14,0.00505,0.8725,4.46
BP,4,256,500,2,15,0.004472,0.8723,4.78
BP,4,256,500,2,16,0.003767,0.8733,5.09
BP,4,256,500,2,17,0.003301,0.8744,5.41
BP,4,256,500,2,18,0.002976,0.8745,5.72
BP,4,256,500,2,19,0.002744,0.8745,6.04
BP,4,256,500,2,20,0.002541,0.8743,6.35
BP,4,256,500,2,21,0.002355,0.8748,6.67
BP,4,256,500,2,22,0.002206,0.8747,6.99
BP,4,256,500,2,23,0.002066,0.8749,7.3
BP,4,256,500,2,24,0.001945,0.8746,7.62
BP,4,256,500,2,25,0.001834,0.8748,7.93
BP,4,256,500,2,26,0.001736,0.8743,8.25
BP,4,256,500,2,27,0.001639,0.8741,8.56
BP,4,256,500,2,28,0.001553,0.8747,8.88
BP,4,256,500,2,29,0.001473,0.8746,9.19
BP,4,256,500,2,30,0.001409,0.8748,9.51
BP,4,256,1000,0,1,1.426546,0.7437,0.34
BP,4,256,1000,0,2,0.565083,0.8313,0.68
BP,4,256,1000,0,3,0.363326,0.8408,1.02
BP,4,256,1000,0,4,0.237155,0.8701,1.37
BP,4,256,1000,0,5,0.152434,0.882,1.71
BP,4,256,1000,0,6,0.092302,0.878,2.05
BP,4,256,1000,0,7,0.053682,0.8835,2.39
BP,4,256,1000,0,8,0.035041,0.8878,2.73
BP,4,256,1000,0,9,0.023337,0.8892,3.07
BP,4,256,1000,0,10,0.013371,0.8884,3.41
BP,4,256,1000,0,11,0.009624,0.8882,3.75
BP,4,256,1000,0,12,0.006062,0.8936,4.09
BP,4,256,1000,0,13,0.004118,0.8935,4.43
BP,4,256,1000,0,14,0.003242,0.893,4.77
BP,4,256,1000,0,15,0.002734,0.8931,5.11
BP,4,256,1000,0,16,0.002428,0.8938,5.45
BP,4,256,1000,0,17,0.002184,0.8937,5.78
BP,4,256,1000,0,18,0.001971,0.894,6.12
BP,4,256,1000,0,19,0.00181,0.894,6.46
BP,4,256,1000,0,20,0.001655,0.8937,6.8
BP,4,256,1000,0,21,0.001538,0.8943,7.14
BP,4,256,1000,0,22,0.001407,0.8937,7.48
BP,4,256,1000,0,23,0.001317,0.8943,7.82
BP,4,256,1000,0,24,0.001215,0.8943,8.16
BP,4,256,1000,0,25,0.001136,0.8945,8.5
BP,4,256,1000,0,26,0.00106,0.8943,8.84
BP,4,256,1000,0,27,0.000998,0.8941,9.18
BP,4,256,1000,0,28,0.00093,0.8941,9.52
BP,4,256,1000,0,29,0.000881,0.8941,9.86
BP,4,256,1000,0,30,0.000839,0.8949,10.2
BP,4,256,1000,1,1,1.433188,0.7828,0.34
BP,4,256,1000,1,2,0.565459,0.8631,0.68
BP,4,256,1000,1,3,0.373819,0.8727,1.02
BP,4,256,1000,1,4,0.222529,0.8801,1.36
BP,4,256,1000,1,5,0.14543,0.8785,1.71
BP,4,256,1000,1,6,0.102605,0.8789,2.04
BP,4,256,1000,1,7,0.065194,0.8861,2.38
BP,4,256,1000,1,8,0.038379,0.8938,2.72
BP,4,256,1000,1,9,0.020579,0.9008,3.06
BP,4,256,1000,1,10,0.015747,0.8916,3.41
BP,4,256,1000,1,11,0.013649,0.8986,3.77
BP,4,256,1000,1,12,0.007273,0.9001,4.11
BP,4,256,1000,1,13,0.004821,0.9023,4.45
BP,4,256,1000,1,14,0.003382,0.9028,4.79
BP,4,256,1000,1,15,0.002733,0.9022,5.13
BP,4,256,1000,1,16,0.002434,0.9019,5.47
BP,4,256,1000,1,17,0.002131,0.9026,5.81
BP,4,256,1000,1,18,0.001949,0.9021,6.15
BP,4,256,1000,1,19,0.001773,0.9014,6.49
BP,4,256,1000,1,20,0.001613,0.9021,6.83
BP,4,256,1000,1,21,0.001488,0.9018,7.17
BP,4,256,1000,1,22,0.001382,0.9023,7.51
BP,4,256,1000,1,23,0.001287,0.902,7.85
BP,4,256,1000,1,24,0.0012,0.9025,8.19
BP,4,256,1000,1,25,0.001118,0.9016,8.53
BP,4,256,1000,1,26,0.001049,0.9017,8.87
BP,4,256,1000,1,27,0.000974,0.9022,9.2
BP,4,256,1000,1,28,0.00092,0.9025,9.54
BP,4,256,1000,1,29,0.000871,0.9019,9.88
BP,4,256,1000,1,30,0.000828,0.9023,10.22
BP,4,256,1000,2,1,1.410526,0.7712,0.34
BP,4,256,1000,2,2,0.566934,0.8621,0.68
BP,4,256,1000,2,3,0.325883,0.865,1.03
BP,4,256,1000,2,4,0.215977,0.8793,1.37
BP,4,256,1000,2,5,0.12967,0.8609,1.71
BP,4,256,1000,2,6,0.1044,0.8839,2.05
BP,4,256,1000,2,7,0.059903,0.8842,2.4
BP,4,256,1000,2,8,0.044422,0.8824,2.74
BP,4,256,1000,2,9,0.029751,0.8823,3.08
BP,4,256,1000,2,10,0.014115,0.8902,3.42
BP,4,256,1000,2,11,0.007928,0.893,3.76
BP,4,256,1000,2,12,0.005207,0.8933,4.1
BP,4,256,1000,2,13,0.003791,0.8941,4.44
BP,4,256,1000,2,14,0.003141,0.8947,4.78
BP,4,256,1000,2,15,0.002723,0.8941,5.12
BP,4,256,1000,2,16,0.002434,0.8946,5.46
BP,4,256,1000,2,17,0.002164,0.8947,5.81
BP,4,256,1000,2,18,0.001982,0.8945,6.15
BP,4,256,1000,2,19,0.001798,0.8949,6.49
BP,4,256,1000,2,20,0.001651,0.8949,6.83
BP,4,256,1000,2,21,0.00153,0.8946,7.17
BP,4,256,1000,2,22,0.001414,0.8947,7.52
BP,4,256,1000,2,23,0.001297,0.8947,7.86
BP,4,256,1000,2,24,0.001196,0.8945,8.2
BP,4,256,1000,2,25,0.001125,0.8947,8.54
BP,4,256,1000,2,26,0.001057,0.8949,8.88
BP,4,256,1000,2,27,0.000981,0.8949,9.22
BP,4,256,1000,2,28,0.000931,0.8953,9.56
BP,4,256,1000,2,29,0.000872,0.895,9.9
BP,4,256,1000,2,30,0.000821,0.8953,10.24
BP,4,256,5000,0,1,0.667045,0.8957,0.54
BP,4,256,5000,0,2,0.275221,0.9077,1.07
BP,4,256,5000,0,3,0.192615,0.9106,1.6
BP,4,256,5000,0,4,0.138919,0.9148,2.14
BP,4,256,5000,0,5,0.099682,0.9296,2.67
BP,4,256,5000,0,6,0.075847,0.926,3.22
BP,4,256,5000,0,7,0.052912,0.9206,3.76
BP,4,256,5000,0,8,0.073375,0.9328,4.3
BP,4,256,5000,0,9,0.025326,0.9407,4.84
BP,4,256,5000,0,10,0.022191,0.9404,5.37
BP,4,256,5000,0,11,0.023013,0.938,5.91
BP,4,256,5000,0,12,0.035475,0.9352,6.45
BP,4,256,5000,0,13,0.015432,0.9318,6.99
BP,4,256,5000,0,14,0.071163,0.9267,7.52
BP,4,256,5000,0,15,0.067893,0.9233,8.05
BP,4,256,5000,0,16,0.033596,0.9411,8.58
BP,4,256,5000,0,17,0.007456,0.9443,9.12
BP,4,256,5000,0,18,0.001463,0.9474,9.65
BP,4,256,5000,0,19,0.000792,0.9483,10.18
BP,4,256,5000,0,20,0.000627,0.9482,10.72
BP,4,256,5000,0,21,0.000519,0.9483,11.25
BP,4,256,5000,0,22,0.000448,0.9482,11.78
BP,4,256,5000,0,23,0.000395,0.9482,12.31
BP,4,256,5000,0,24,0.000353,0.9482,12.84
BP,4,256,5000,0,25,0.000321,0.9482,13.37
BP,4,256,5000,0,26,0.000286,0.9485,13.91
BP,4,256,5000,0,27,0.00026,0.9489,14.45
BP,4,256,5000,0,28,0.000237,0.9487,14.98
BP,4,256,5000,0,29,0.000218,0.9487,15.52
BP,4,256,5000,0,30,0.000201,0.9489,16.06
BP,4,256,5000,1,1,0.667619,0.8896,0.54
BP,4,256,5000,1,2,0.295466,0.9023,1.07
BP,4,256,5000,1,3,0.194378,0.9164,1.61
BP,4,256,5000,1,4,0.137427,0.9165,2.16
BP,4,256,5000,1,5,0.126102,0.9277,2.7
BP,4,256,5000,1,6,0.085363,0.9257,3.23
BP,4,256,5000,1,7,0.062601,0.9377,3.77
BP,4,256,5000,1,8,0.064219,0.9347,4.31
BP,4,256,5000,1,9,0.028266,0.937,4.85
BP,4,256,5000,1,10,0.027193,0.9372,5.4
BP,4,256,5000,1,11,0.017396,0.9311,5.93
BP,4,256,5000,1,12,0.025078,0.9312,6.47
BP,4,256,5000,1,13,0.099655,0.9198,7.0
BP,4,256,5000,1,14,0.03975,0.938,7.53
BP,4,256,5000,1,15,0.019708,0.9399,8.07
BP,4,256,5000,1,16,0.005827,0.9459,8.6
BP,4,256,5000,1,17,0.002341,0.945,9.13
BP,4,256,5000,1,18,0.001261,0.9463,9.67
BP,4,256,5000,1,19,0.000891,0.9457,10.21
BP,4,256,5000,1,20,0.000685,0.9462,10.75
BP,4,256,5000,1,21,0.000481,0.9471,11.29
BP,4,256,5000,1,22,0.000407,0.9469,11.83
BP,4,256,5000,1,23,0.000361,0.9471,12.37
BP,4,256,5000,1,24,0.000323,0.947,12.92
BP,4,256,5000,1,25,0.000325,0.9471,13.45
BP,4,256,5000,1,26,0.000264,0.9472,13.98
BP,4,256,5000,1,27,0.000244,0.9474,14.53
BP,4,256,5000,1,28,0.000221,0.9474,15.09
BP,4,256,5000,1,29,0.000204,0.9476,15.65
BP,4,256,5000,1,30,0.000187,0.9478,16.25
BP,4,256,5000,2,1,0.679542,0.8723,0.56
BP,4,256,5000,2,2,0.306167,0.8863,1.12
BP,4,256,5000,2,3,0.224995,0.9235,1.69
BP,4,256,5000,2,4,0.159538,0.9274,2.25
BP,4,256,5000,2,5,0.126148,0.922,2.8
BP,4,256,5000,2,6,0.082728,0.9357,3.36
BP,4,256,5000,2,7,0.077169,0.9322,3.91
BP,4,256,5000,2,8,0.069161,0.9306,4.47
BP,4,256,5000,2,9,0.03051,0.9384,5.03
BP,4,256,5000,2,10,0.020155,0.9382,5.58
BP,4,256,5000,2,11,0.043511,0.9337,6.14
BP,4,256,5000,2,12,0.043853,0.9362,6.69
BP,4,256,5000,2,13,0.031532,0.9424,7.24
BP,4,256,5000,2,14,0.023857,0.9395,7.79
BP,4,256,5000,2,15,0.018441,0.9462,8.35
BP,4,256,5000,2,16,0.012289,0.9439,8.9
BP,4,256,5000,2,17,0.013295,0.9409,9.46
BP,4,256,5000,2,18,0.015751,0.9405,10.01
BP,4,256,5000,2,19,0.024577,0.9318,10.56
BP,4,256,5000,2,20,0.034035,0.9242,11.11
BP,4,256,5000,2,21,0.028534,0.9419,11.66
BP,4,256,5000,2,22,0.00672,0.9511,12.22
BP,4,256,5000,2,23,0.002637,0.9404,12.77
BP,4,256,5000,2,24,0.013286,0.9453,13.33
BP,4,256,5000,2,25,0.010409,0.9493,13.88
BP,4,256,5000,2,26,0.007047,0.9433,14.44
BP,4,256,5000,2,27,0.014401,0.9402,14.99
BP,4,256,5000,2,28,0.03049,0.9405,15.54
BP,4,256,5000,2,29,0.044218,0.9326,16.09
BP,4,256,5000,2,30,0.028144,0.9361,16.65
BP,6,256,100,0,1,2.281665,0.2171,0.33
BP,6,256,100,0,2,2.11171,0.378,0.65
BP,6,256,100,0,3,1.725635,0.492,0.98
BP,6,256,100,0,4,1.36977,0.5445,1.31
BP,6,256,100,0,5,1.002892,0.6217,1.64
BP,6,256,100,0,6,0.695135,0.6498,1.96
BP,6,256,100,0,7,0.484666,0.6739,2.29
BP,6,256,100,0,8,0.358146,0.6851,2.61
BP,6,256,100,0,9,0.223076,0.686,2.94
BP,6,256,100,0,10,0.149269,0.6782,3.27
BP,6,256,100,0,11,0.104521,0.6699,3.6
BP,6,256,100,0,12,0.066807,0.6697,3.93
BP,6,256,100,0,13,0.044205,0.6731,4.26
BP,6,256,100,0,14,0.030818,0.6724,4.58
BP,6,256,100,0,15,0.022935,0.673,4.91
BP,6,256,100,0,16,0.017116,0.6751,5.24
BP,6,256,100,0,17,0.012903,0.6744,5.57
BP,6,256,100,0,18,0.010882,0.6739,5.9
BP,6,256,100,0,19,0.009052,0.6751,6.23
BP,6,256,100,0,20,0.007744,0.6767,6.56
BP,6,256,100,0,21,0.006634,0.6781,6.88
BP,6,256,100,0,22,0.005827,0.6781,7.21
BP,6,256,100,0,23,0.005151,0.6798,7.54
BP,6,256,100,0,24,0.004564,0.6802,7.87
BP,6,256,100,0,25,0.004249,0.6816,8.2
BP,6,256,100,0,26,0.003873,0.6825,8.53
BP,6,256,100,0,27,0.003558,0.6819,8.86
BP,6,256,100,0,28,0.003314,0.6814,9.19
BP,6,256,100,0,29,0.003174,0.6813,9.52
BP,6,256,100,0,30,0.002986,0.681,9.85
BP,6,256,100,1,1,2.273125,0.4085,0.33
BP,6,256,100,1,2,2.045085,0.5065,0.66
BP,6,256,100,1,3,1.599133,0.5255,0.99
BP,6,256,100,1,4,1.179709,0.5566,1.33
BP,6,256,100,1,5,0.856703,0.5542,1.66
BP,6,256,100,1,6,0.630574,0.585,2.0
BP,6,256,100,1,7,0.479342,0.6171,2.33
BP,6,256,100,1,8,0.389018,0.6228,2.66
BP,6,256,100,1,9,0.274752,0.6205,3.0
BP,6,256,100,1,10,0.212815,0.6649,3.33
BP,6,256,100,1,11,0.132362,0.6758,3.67
BP,6,256,100,1,12,0.114177,0.6837,4.0
BP,6,256,100,1,13,0.062264,0.6863,4.34
BP,6,256,100,1,14,0.052887,0.6931,4.68
BP,6,256,100,1,15,0.03093,0.6934,5.02
BP,6,256,100,1,16,0.024566,0.6815,5.37
BP,6,256,100,1,17,0.022254,0.6906,5.71
BP,6,256,100,1,18,0.015978,0.7033,6.05
BP,6,256,100,1,19,0.012658,0.7099,6.39
BP,6,256,100,1,20,0.010454,0.7151,6.73
BP,6,256,100,1,21,0.008847,0.7127,7.06
BP,6,256,100,1,22,0.007748,0.7133,7.4
BP,6,256,100,1,23,0.006683,0.715,7.74
BP,6,256,100,1,24,0.005865,0.7145,8.07
BP,6,256,100,1,25,0.005378,0.715,8.41
BP,6,256,100,1,26,0.004963,0.7145,8.75
BP,6,256,100,1,27,0.004491,0.7122,9.09
BP,6,256,100,1,28,0.004052,0.7107,9.43
BP,6,256,100,1,29,0.003884,0.7096,9.77
BP,6,256,100,1,30,0.003578,0.7086,10.11
BP,6,256,100,2,1,2.268082,0.2832,0.34
BP,6,256,100,2,2,1.978741,0.3626,0.68
BP,6,256,100,2,3,1.573633,0.4297,1.02
BP,6,256,100,2,4,1.22243,0.5531,1.36
BP,6,256,100,2,5,0.967126,0.6122,1.71
BP,6,256,100,2,6,0.711187,0.638,2.05
BP,6,256,100,2,7,0.602799,0.6722,2.39
BP,6,256,100,2,8,0.389382,0.657,2.73
BP,6,256,100,2,9,0.351491,0.6644,3.07
BP,6,256,100,2,10,0.237444,0.6672,3.42
BP,6,256,100,2,11,0.171211,0.6734,3.76
BP,6,256,100,2,12,0.128036,0.699,4.1
BP,6,256,100,2,13,0.074142,0.6968,4.45
BP,6,256,100,2,14,0.063882,0.7001,4.79
BP,6,256,100,2,15,0.037831,0.6922,5.14
BP,6,256,100,2,16,0.029476,0.6841,5.48
BP,6,256,100,2,17,0.02579,0.6834,5.83
BP,6,256,100,2,18,0.019676,0.6898,6.18
BP,6,256,100,2,19,0.015302,0.6966,6.52
BP,6,256,100,2,20,0.012787,0.7007,6.87
BP,6,256,100,2,21,0.010405,0.7039,7.22
BP,6,256,100,2,22,0.009557,0.7053,7.57
BP,6,256,100,2,23,0.008358,0.7076,7.93
BP,6,256,100,2,24,0.007031,0.7063,8.29
BP,6,256,100,2,25,0.006202,0.7068,8.64
BP,6,256,100,2,26,0.005742,0.7074,9.0
BP,6,256,100,2,27,0.005297,0.7064,9.35
BP,6,256,100,2,28,0.004794,0.7077,9.72
BP,6,256,100,2,29,0.004475,0.7085,10.08
BP,6,256,100,2,30,0.004325,0.7094,10.44
BP,6,256,500,0,1,1.971375,0.5944,0.38
BP,6,256,500,0,2,1.008783,0.6877,0.76
BP,6,256,500,0,3,0.666246,0.7227,1.16
BP,6,256,500,0,4,0.461226,0.7782,1.54
BP,6,256,500,0,5,0.347739,0.8097,1.92
BP,6,256,500,0,6,0.267905,0.7841,2.31
BP,6,256,500,0,7,0.274159,0.8038,2.7
BP,6,256,500,0,8,0.237751,0.7853,3.08
BP,6,256,500,0,9,0.187066,0.8036,3.47
BP,6,256,500,0,10,0.111529,0.8145,3.86
BP,6,256,500,0,11,0.093686,0.8409,4.24
BP,6,256,500,0,12,0.063869,0.8449,4.64
BP,6,256,500,0,13,0.046138,0.8203,5.03
BP,6,256,500,0,14,0.065017,0.8406,5.42
BP,6,256,500,0,15,0.025061,0.8425,5.81
BP,6,256,500,0,16,0.02069,0.8456,6.23
BP,6,256,500,0,17,0.01468,0.8515,6.64
BP,6,256,500,0,18,0.012554,0.8517,7.04
BP,6,256,500,0,19,0.010073,0.8525,7.43
BP,6,256,500,0,20,0.008375,0.8529,7.83
BP,6,256,500,0,21,0.007199,0.8531,8.22
BP,6,256,500,0,22,0.006345,0.8534,8.61
BP,6,256,500,0,23,0.005704,0.8536,9.0
BP,6,256,500,0,24,0.005108,0.8538,9.39
BP,6,256,500,0,25,0.004627,0.8547,9.79
BP,6,256,500,0,26,0.004195,0.8558,10.19
BP,6,256,500,0,27,0.003862,0.8557,10.59
BP,6,256,500,0,28,0.003682,0.8556,10.99
BP,6,256,500,0,29,0.003403,0.8556,11.4
BP,6,256,500,0,30,0.003065,0.8557,11.8
BP,6,256,500,1,1,1.90344,0.5987,0.4
BP,6,256,500,1,2,1.022346,0.7053,0.81
BP,6,256,500,1,3,0.713204,0.7504,1.22
BP,6,256,500,1,4,0.478459,0.8158,1.7
BP,6,256,500,1,5,0.295576,0.8346,2.21
BP,6,256,500,1,6,0.185243,0.821,2.65
BP,6,256,500,1,7,0.121677,0.8454,3.09
BP,6,256,500,1,8,0.079952,0.8361,3.51
BP,6,256,500,1,9,0.05857,0.8313,3.93
BP,6,256,500,1,10,0.052023,0.7872,4.36
BP,6,256,500,1,11,0.043716,0.8113,4.78
BP,6,256,500,1,12,0.095038,0.8313,5.19
BP,6,256,500,1,13,0.082553,0.8298,5.6
BP,6,256,500,1,14,0.063394,0.8272,6.0
BP,6,256,500,1,15,0.040198,0.8165,6.41
BP,6,256,500,1,16,0.038424,0.8231,6.82
BP,6,256,500,1,17,0.025889,0.8382,7.23
BP,6,256,500,1,18,0.023302,0.8274,7.64
BP,6,256,500,1,19,0.020056,0.8319,8.05
BP,6,256,500,1,20,0.008734,0.8299,8.46
BP,6,256,500,1,21,0.009629,0.8305,8.88
BP,6,256,500,1,22,0.008182,0.8249,9.3
BP,6,256,500,1,23,0.004189,0.8362,9.72
BP,6,256,500,1,24,0.002663,0.842,10.14
BP,6,256,500,1,25,0.00309,0.8422,10.56
BP,6,256,500,1,26,0.002292,0.838,10.98
BP,6,256,500,1,27,0.002219,0.8382,11.4
BP,6,256,500,1,28,0.001841,0.8384,11.82
BP,6,256,500,1,29,0.00169,0.8401,12.24
BP,6,256,500,1,30,0.00158,0.8409,12.67
BP,6,256,500,2,1,1.906785,0.5753,0.43
BP,6,256,500,2,2,0.981235,0.7516,0.85
BP,6,256,500,2,3,0.591101,0.8003,1.27
BP,6,256,500,2,4,0.370886,0.8261,1.7
BP,6,256,500,2,5,0.221129,0.8345,2.13
BP,6,256,500,2,6,0.131742,0.8301,2.55
BP,6,256,500,2,7,0.113319,0.821,2.98
BP,6,256,500,2,8,0.093791,0.8316,3.42
BP,6,256,500,2,9,0.075615,0.8135,3.84
BP,6,256,500,2,10,0.056667,0.8162,4.27
BP,6,256,500,2,11,0.082915,0.8276,4.7
BP,6,256,500,2,12,0.046407,0.829,5.13
BP,6,256,500,2,13,0.02274,0.852,5.56
BP,6,256,500,2,14,0.014312,0.842,5.99
BP,6,256,500,2,15,0.019036,0.8323,6.43
BP,6,256,500,2,16,0.013747,0.8438,6.87
BP,6,256,500,2,17,0.018412,0.8357,7.31
BP,6,256,500,2,18,0.020561,0.8354,7.75
BP,6,256,500,2,19,0.041443,0.8374,8.18
BP,6,256,500,2,20,0.052984,0.7923,8.62
BP,6,256,500,2,21,0.051503,0.8272,9.05
BP,6,256,500,2,22,0.041104,0.8311,9.49
BP,6,256,500,2,23,0.049,0.8323,9.93
BP,6,256,500,2,24,0.029982,0.8154,10.37
BP,6,256,500,2,25,0.053036,0.8314,10.81
BP,6,256,500,2,26,0.08624,0.808,11.24
BP,6,256,500,2,27,0.048429,0.8279,11.69
BP,6,256,500,2,28,0.051001,0.8476,12.12
BP,6,256,500,2,29,0.007894,0.848,12.56
BP,6,256,500,2,30,0.015254,0.8468,12.99
BP,6,256,1000,0,1,1.531625,0.6951,0.47
BP,6,256,1000,0,2,0.715024,0.8176,0.95
BP,6,256,1000,0,3,0.490334,0.7943,1.42
BP,6,256,1000,0,4,0.401761,0.8346,1.89
BP,6,256,1000,0,5,0.312603,0.8466,2.37
BP,6,256,1000,0,6,0.239149,0.8523,2.84
BP,6,256,1000,0,7,0.138237,0.8657,3.32
BP,6,256,1000,0,8,0.100957,0.8651,3.81
BP,6,256,1000,0,9,0.071425,0.8697,4.28
BP,6,256,1000,0,10,0.043125,0.8668,4.75
BP,6,256,1000,0,11,0.047242,0.8774,5.23
BP,6,256,1000,0,12,0.020958,0.8783,5.7
BP,6,256,1000,0,13,0.014044,0.8818,6.18
BP,6,256,1000,0,14,0.009404,0.8813,6.65
BP,6,256,1000,0,15,0.033784,0.8764,7.13
BP,6,256,1000,0,16,0.021288,0.866,7.61
BP,6,256,1000,0,17,0.019314,0.8835,8.08
BP,6,256,1000,0,18,0.011772,0.8767,8.56
BP,6,256,1000,0,19,0.009468,0.8834,9.03
BP,6,256,1000,0,20,0.004368,0.8868,9.5
BP,6,256,1000,0,21,0.002782,0.8851,9.97
BP,6,256,1000,0,22,0.002134,0.8874,10.44
BP,6,256,1000,0,23,0.001793,0.888,10.91
BP,6,256,1000,0,24,0.001568,0.8882,11.38
BP,6,256,1000,0,25,0.001443,0.888,11.85
BP,6,256,1000,0,26,0.001332,0.8881,12.32
BP,6,256,1000,0,27,0.001238,0.8883,12.83
BP,6,256,1000,0,28,0.001176,0.8887,13.42
BP,6,256,1000,0,29,0.001085,0.8884,13.9
BP,6,256,1000,0,30,0.001027,0.8885,14.37
BP,6,256,1000,1,1,1.586121,0.6926,0.46
BP,6,256,1000,1,2,0.820924,0.7634,0.93
BP,6,256,1000,1,3,0.602395,0.8267,1.39
BP,6,256,1000,1,4,0.425943,0.8074,1.85
BP,6,256,1000,1,5,0.286904,0.8079,2.3
BP,6,256,1000,1,6,0.239557,0.8544,2.76
BP,6,256,1000,1,7,0.160746,0.8722,3.21
BP,6,256,1000,1,8,0.139548,0.8761,3.67
BP,6,256,1000,1,9,0.112862,0.8799,4.13
BP,6,256,1000,1,10,0.120265,0.8773,4.59
BP,6,256,1000,1,11,0.083907,0.8737,5.04
BP,6,256,1000,1,12,0.084382,0.8752,5.5
BP,6,256,1000,1,13,0.059305,0.8662,5.95
BP,6,256,1000,1,14,0.076266,0.8642,6.4
BP,6,256,1000,1,15,0.074577,0.8621,6.85
BP,6,256,1000,1,16,0.041303,0.8658,7.3
BP,6,256,1000,1,17,0.071218,0.8666,7.75
BP,6,256,1000,1,18,0.057545,0.8779,8.2
BP,6,256,1000,1,19,0.026075,0.8903,8.64
BP,6,256,1000,1,20,0.017213,0.8831,9.1
BP,6,256,1000,1,21,0.014875,0.8959,9.56
BP,6,256,1000,1,22,0.033939,0.8951,10.01
BP,6,256,1000,1,23,0.018371,0.8916,10.46
BP,6,256,1000,1,24,0.013079,0.882,10.91
BP,6,256,1000,1,25,0.019271,0.8871,11.34
BP,6,256,1000,1,26,0.012863,0.8775,11.78
BP,6,256,1000,1,27,0.017963,0.8813,12.21
BP,6,256,1000,1,28,0.020894,0.8812,12.64
BP,6,256,1000,1,29,0.035406,0.8661,13.08
BP,6,256,1000,1,30,0.039575,0.8872,13.51
BP,6,256,1000,2,1,1.554988,0.6858,0.43
BP,6,256,1000,2,2,0.677627,0.8083,0.87
BP,6,256,1000,2,3,0.376862,0.8378,1.3
BP,6,256,1000,2,4,0.277664,0.8681,1.73
BP,6,256,1000,2,5,0.226795,0.8408,2.16
BP,6,256,1000,2,6,0.227068,0.8322,2.58
BP,6,256,1000,2,7,0.13868,0.8429,3.01
BP,6,256,1000,2,8,0.131461,0.859,3.43
BP,6,256,1000,2,9,0.088937,0.8806,3.85
BP,6,256,1000,2,10,0.062763,0.8786,4.28
BP,6,256,1000,2,11,0.043862,0.8784,4.7
BP,6,256,1000,2,12,0.036195,0.8752,5.12
BP,6,256,1000,2,13,0.031816,0.8778,5.54
BP,6,256,1000,2,14,0.049653,0.8649,5.96
BP,6,256,1000,2,15,0.087423,0.8587,6.38
BP,6,256,1000,2,16,0.117607,0.8494,6.8
BP,6,256,1000,2,17,0.065545,0.8598,7.21
BP,6,256,1000,2,18,0.138544,0.838,7.63
BP,6,256,1000,2,19,0.081972,0.8753,8.04
BP,6,256,1000,2,20,0.059327,0.873,8.46
BP,6,256,1000,2,21,0.031778,0.8829,8.87
BP,6,256,1000,2,22,0.01075,0.8867,9.28
BP,6,256,1000,2,23,0.004409,0.8877,9.69
BP,6,256,1000,2,24,0.00332,0.8867,10.1
BP,6,256,1000,2,25,0.002196,0.8934,10.51
BP,6,256,1000,2,26,0.001779,0.8946,10.92
BP,6,256,1000,2,27,0.001535,0.895,11.32
BP,6,256,1000,2,28,0.001402,0.8948,11.73
BP,6,256,1000,2,29,0.001279,0.8948,12.14
BP,6,256,1000,2,30,0.001182,0.8952,12.55
BP,6,256,5000,0,1,0.781422,0.8409,0.66
BP,6,256,5000,0,2,0.417003,0.897,1.4
BP,6,256,5000,0,3,0.26505,0.8933,2.07
BP,6,256,5000,0,4,0.235329,0.916,2.73
BP,6,256,5000,0,5,0.182487,0.9005,3.4
BP,6,256,5000,0,6,0.173496,0.9218,4.05
BP,6,256,5000,0,7,0.146567,0.9035,4.69
BP,6,256,5000,0,8,0.119634,0.9191,5.32
BP,6,256,5000,0,9,0.097289,0.9261,5.95
BP,6,256,5000,0,10,0.08777,0.9385,6.57
BP,6,256,5000,0,11,0.051195,0.9244,7.19
BP,6,256,5000,0,12,0.058687,0.9179,7.83
BP,6,256,5000,0,13,0.08823,0.9328,8.47
BP,6,256,5000,0,14,0.063437,0.929,9.1
BP,6,256,5000,0,15,0.048745,0.9195,9.73
BP,6,256,5000,0,16,0.0726,0.9274,10.35
BP,6,256,5000,0,17,0.042802,0.9294,10.97
BP,6,256,5000,0,18,0.024259,0.9357,11.62
BP,6,256,5000,0,19,0.017196,0.941,12.25
BP,6,256,5000,0,20,0.023145,0.9352,12.86
BP,6,256,5000,0,21,0.065558,0.9029,13.48
BP,6,256,5000,0,22,0.061612,0.9323,14.1
BP,6,256,5000,0,23,0.101987,0.9187,14.72
BP,6,256,5000,0,24,0.106246,0.9342,15.33
BP,6,256,5000,0,25,0.033183,0.9312,15.94
BP,6,256,5000,0,26,0.01576,0.9417,16.55
BP,6,256,5000,0,27,0.042479,0.9354,17.16
BP,6,256,5000,0,28,0.009256,0.9385,17.76
BP,6,256,5000,0,29,0.00477,0.9445,18.37
BP,6,256,5000,0,30,0.002229,0.9424,18.98
BP,6,256,5000,1,1,0.796529,0.8641,0.61
BP,6,256,5000,1,2,0.369803,0.8796,1.22
BP,6,256,5000,1,3,0.243005,0.9054,1.83
BP,6,256,5000,1,4,0.181568,0.9116,2.43
BP,6,256,5000,1,5,0.158067,0.9007,3.04
BP,6,256,5000,1,6,0.162283,0.9155,3.64
BP,6,256,5000,1,7,0.103515,0.9309,4.24
BP,6,256,5000,1,8,0.079049,0.9186,4.84
BP,6,256,5000,1,9,0.098864,0.9193,5.44
BP,6,256,5000,1,10,0.07408,0.9326,6.04
BP,6,256,5000,1,11,0.061578,0.9187,6.65
BP,6,256,5000,1,12,0.084203,0.9178,7.24
BP,6,256,5000,1,13,0.099371,0.9208,7.84
BP,6,256,5000,1,14,0.055959,0.9312,8.44
BP,6,256,5000,1,15,0.115294,0.9297,9.03
BP,6,256,5000,1,16,0.05952,0.9214,9.62
BP,6,256,5000,1,17,0.04532,0.9363,10.21
BP,6,256,5000,1,18,0.023631,0.9253,10.81
BP,6,256,5000,1,19,0.028066,0.9406,11.41
BP,6,256,5000,1,20,0.026742,0.9346,12.12
BP,6,256,5000,1,21,0.01123,0.938,12.74
BP,6,256,5000,1,22,0.05137,0.9356,13.38
BP,6,256,5000,1,23,0.063528,0.9326,14.0
BP,6,256,5000,1,24,0.024072,0.94,14.6
BP,6,256,5000,1,25,0.022662,0.9405,15.19
BP,6,256,5000,1,26,0.030107,0.927,15.78
BP,6,256,5000,1,27,0.064737,0.9207,16.37
BP,6,256,5000,1,28,0.051004,0.9292,16.96
BP,6,256,5000,1,29,0.034904,0.9369,17.55
BP,6,256,5000,1,30,0.009129,0.9415,18.14
BP,6,256,5000,2,1,0.809936,0.8496,0.59
BP,6,256,5000,2,2,0.393071,0.8681,1.19
BP,6,256,5000,2,3,0.271922,0.915,1.79
BP,6,256,5000,2,4,0.236226,0.8994,2.39
BP,6,256,5000,2,5,0.202353,0.9176,2.99
BP,6,256,5000,2,6,0.143637,0.9068,3.58
BP,6,256,5000,2,7,0.120776,0.9175,4.17
BP,6,256,5000,2,8,0.09613,0.9282,4.76
BP,6,256,5000,2,9,0.076349,0.9267,5.34
BP,6,256,5000,2,10,0.096901,0.9189,5.92
BP,6,256,5000,2,11,0.066653,0.9189,6.51
BP,6,256,5000,2,12,0.121396,0.9028,7.09
BP,6,256,5000,2,13,0.088671,0.9292,7.68
BP,6,256,5000,2,14,0.036927,0.9373,8.27
BP,6,256,5000,2,15,0.029342,0.9265,8.86
BP,6,256,5000,2,16,0.031158,0.9396,9.45
BP,6,256,5000,2,17,0.026406,0.9435,10.04
BP,6,256,5000,2,18,0.022666,0.9389,10.62
BP,6,256,5000,2,19,0.045381,0.9306,11.2
BP,6,256,5000,2,20,0.021808,0.937,11.77
BP,6,256,5000,2,21,0.067728,0.9305,12.35
BP,6,256,5000,2,22,0.029398,0.9389,12.92
BP,6,256,5000,2,23,0.031587,0.9377,13.5
BP,6,256,5000,2,24,0.023687,0.9337,14.08
BP,6,256,5000,2,25,0.042647,0.9273,14.65
BP,6,256,5000,2,26,0.098339,0.9349,15.22
BP,6,256,5000,2,27,0.046267,0.9363,15.8
BP,6,256,5000,2,28,0.038762,0.9355,16.38
BP,6,256,5000,2,29,0.019598,0.9394,16.96
BP,6,256,5000,2,30,0.025701,0.9368,17.53
